Model,Metric,Value,Target,Passed
M1,AUC-ROC,0.970726578041877,>= 0.80,True
M1,PR-AUC,0.9542434014347349,>= 0.65,True
M2,RMSE,8.04283432783109,< 10,True
M2,R2,0.8577269091093488,>= 0.65,True
M3,Macro-F1,0.735879436910032,>= 0.72,True
M4,AUC-ROC,0.9999901567052524,>= 0.75,True
M5,RMSE,0.764078166046554,< 12,True
M6,C-index,0.897447071749329,>= 0.70,True
