{
  "m1_auc": 0.970726578041877,
  "m1_pr_auc": 0.9542434014347349,
  "m1_f1": 0.8898172323759791,
  "m1_confusion_matrix": [
    [
      2405,
      368
    ],
    [
      54,
      1704
    ]
  ],
  "m1_classification_report": {
    "0": {
      "precision": 0.978039853599024,
      "recall": 0.867291741795889,
      "f1-score": 0.9193425076452599,
      "support": 2773.0
    },
    "1": {
      "precision": 0.8223938223938224,
      "recall": 0.9692832764505119,
      "f1-score": 0.8898172323759791,
      "support": 1758.0
    },
    "accuracy": 0.9068638269697639,
    "macro avg": {
      "precision": 0.9002168379964233,
      "recall": 0.9182875091232005,
      "f1-score": 0.9045798700106196,
      "support": 4531.0
    },
    "weighted avg": {
      "precision": 0.9176501553296035,
      "recall": 0.9068638269697639,
      "f1-score": 0.9078868832966843,
      "support": 4531.0
    }
  },
  "M1_FEATURES": [
    "WG_Current",
    "CT_Initial",
    "Moisture",
    "Mechanical_Damage",
    "Actual_Seed_Per_LB",
    "Stage",
    "season_age",
    "RR_Lateral_Strip_PCT",
    "Cry1Ac_Bollgard_Strip_Test",
    "Cry2Ab_Bollgard_Strip_Test",
    "Variety",
    "Origin_Region",
    "Grower_Region"
  ],
  "m2_rmse": 8.04283432783109,
  "m2_mae": 5.4937735819105304,
  "m2_r2": 0.8577269091093488,
  "M2_FEATURES": [
    "WG_Current",
    "CT_Initial",
    "Moisture",
    "Mechanical_Damage",
    "Actual_Seed_Per_LB",
    "Stage",
    "season_age",
    "RR_Lateral_Strip_PCT",
    "Cry1Ac_Bollgard_Strip_Test",
    "Cry2Ab_Bollgard_Strip_Test",
    "Variety",
    "Origin_Region",
    "Grower_Region"
  ],
  "m3_macro_f1": 0.735879436910032,
  "m3_confusion_matrix": [
    [
      1666,
      136,
      9
    ],
    [
      241,
      1768,
      227
    ],
    [
      6,
      235,
      243
    ]
  ],
  "m3_classification_report": {
    "0": {
      "precision": 0.8708834291688448,
      "recall": 0.9199337382661513,
      "f1-score": 0.8947368421052632,
      "support": 1811.0
    },
    "1": {
      "precision": 0.8265544647031323,
      "recall": 0.7906976744186046,
      "f1-score": 0.8082285714285714,
      "support": 2236.0
    },
    "2": {
      "precision": 0.5073068893528184,
      "recall": 0.5020661157024794,
      "f1-score": 0.5046728971962616,
      "support": 484.0
    },
    "accuracy": 0.8115206356212756,
    "macro avg": {
      "precision": 0.7349149277415985,
      "recall": 0.7375658427957451,
      "f1-score": 0.735879436910032,
      "support": 4531.0
    },
    "weighted avg": {
      "precision": 0.8101704276644771,
      "recall": 0.8115206356212756,
      "f1-score": 0.8103794281637404,
      "support": 4531.0
    }
  },
  "M3_FEATURES": [
    "WG_Current",
    "CT_Initial",
    "Moisture",
    "Mechanical_Damage",
    "Actual_Seed_Per_LB",
    "Stage",
    "season_age",
    "RR_Lateral_Strip_PCT",
    "Cry1Ac_Bollgard_Strip_Test",
    "Cry2Ab_Bollgard_Strip_Test",
    "Variety",
    "Origin_Region",
    "Grower_Region"
  ],
  "m4_auc": 0.9999901567052524,
  "m4_f1_at_0_4": 0.99836867862969,
  "m4_threshold": 0.4,
  "m4_stage": 1,
  "m4_confusion_matrix": [
    [
      164,
      2
    ],
    [
      0,
      612
    ]
  ],
  "m4_classification_report": {
    "0": {
      "precision": 1.0,
      "recall": 0.9879518072289156,
      "f1-score": 0.9939393939393939,
      "support": 166.0
    },
    "1": {
      "precision": 0.996742671009772,
      "recall": 1.0,
      "f1-score": 0.99836867862969,
      "support": 612.0
    },
    "accuracy": 0.9974293059125964,
    "macro avg": {
      "precision": 0.998371335504886,
      "recall": 0.9939759036144578,
      "f1-score": 0.996154036284542,
      "support": 778.0
    },
    "weighted avg": {
      "precision": 0.9974376795089723,
      "recall": 0.9974293059125964,
      "f1-score": 0.997423612744614,
      "support": 778.0
    }
  },
  "M4_FEATURES": [
    "WG_Current",
    "CT_Initial",
    "Moisture",
    "Mechanical_Damage",
    "Actual_Seed_Per_LB",
    "Stage",
    "season_age",
    "RR_Lateral_Strip_PCT",
    "Cry1Ac_Bollgard_Strip_Test",
    "Cry2Ab_Bollgard_Strip_Test",
    "Variety",
    "Origin_Region",
    "Grower_Region"
  ],
  "m5_rmse": 0.764078166046554,
  "m5_r2": 0.9990219275629464,
  "M5_FEATURES": [
    "WG_Current",
    "CT_Initial",
    "Moisture",
    "Mechanical_Damage",
    "Actual_Seed_Per_LB",
    "Stage",
    "season_age",
    "RR_Lateral_Strip_PCT",
    "Cry1Ac_Bollgard_Strip_Test",
    "Cry2Ab_Bollgard_Strip_Test",
    "irrigation_type",
    "irrigation_is_dryland",
    "season_length",
    "pre_defol_dd_60_cap90",
    "post_defol_dd_60_cap90",
    "pre_defol_total_precipitation",
    "defol_to_harvest",
    "defol_to_harvest_cum_dd60",
    "bales_per_module",
    "cumulated_dd60",
    "cumulated_soil_moisture",
    "heat_stress_days",
    "VPD_stress_score",
    "water_balance_deficit",
    "pp_day5_cum_dd60",
    "pp_day10_cum_dd60",
    "pp_day5_avg_soilmoisture",
    "pp_day10_avg_soilmoisture",
    "pp_day5_cum_soilmoisture",
    "pp_day10_cum_soilmoisture",
    "Variety",
    "Origin_Region",
    "Grower_Region"
  ]
}